,node,tag,level,device,measurements,unit,asset
0,ns=2;s=GalaxyUAChannel.GalaxyUA.Amazon.W3,NCPV001_HS_METPRI.W3,1,NCPV001_HS_METPRI,W3,MW,hawt
1,ns=2;s=GalaxyUAChannel.GalaxyUA.Amazon.KWH3_DEL,NCPV001_HS_METPRI.KWH3_DEL,1,NCPV001_HS_METPRI,kWH3_DEL,MWh,hawt
2,ns=2;s=GalaxyUAChannel.GalaxyUA.Amazon.FREQ,NCPV001_HS_METPRI.FREQ,1,NCPV001_HS_METPRI,FREQ,Hz,hawt
3,ns=2;s=GalaxyUAChannel.GalaxyUA.Amazon.KWH3_REC,NCPV001_HS_METPRI.KWH3_REC ,1,NCPV001_HS_METPRI,KWH3_REC ,MWh,hawt
4,ns=2;s=GalaxyUAChannel.GalaxyUA.Amazon.VAB,NCPV001_HS_METPRI.VAB,1,NCPV001_HS_METPRI,VAB,kV,hawt
5,ns=2;s=GalaxyUAChannel.GalaxyUA.Amazon.VBC,NCPV001_HS_METPRI.VBC,1,NCPV001_HS_METPRI,VBC,kV,hawt
6,ns=2;s=GalaxyUAChannel.GalaxyUA.Amazon.VCA,NCPV001_HS_METPRI.VCA,1,NCPV001_HS_METPRI,VCA,kV,hawt
7,ns=2;s=GalaxyUAChannel.GalaxyUA.Amazon.11_VAB,NCPV001_HS_50_11.VAB ,1,NCPV001_HS_50_11,VAB,kV,hawt
8,ns=2;s=GalaxyUAChannel.GalaxyUA.Amazon.11_VBC,NCPV001_HS_50_11.VBC,1,NCPV001_HS_50_11,VBC,kV,hawt
9,ns=2;s=GalaxyUAChannel.GalaxyUA.Amazon.11_VCA,NCPV001_HS_50_11.VCA,1,NCPV001_HS_50_11,VCA,kV,hawt
10,ns=2;s=GalaxyUAChannel.GalaxyUA.Amazon.12_VAB,NCPV001_HS_50_12.VAB ,1,NCPV001_HS_50_12,VAB,kV,hawt
11,ns=2;s=GalaxyUAChannel.GalaxyUA.Amazon.12_VBC,NCPV001_HS_50_12.VBC,1,NCPV001_HS_50_12,VBC,kV,hawt
12,ns=2;s=GalaxyUAChannel.GalaxyUA.Amazon.12_VCA,NCPV001_HS_50_12.VCA,1,NCPV001_HS_50_12,VCA,kV,hawt
13,ns=2;s=GalaxyUAChannel.GalaxyUA.Amazon.13_VAB,NCPV001_HS_50_13.VAB ,1,NCPV001_HS_50_13,VAB,kV,hawt
14,ns=2;s=GalaxyUAChannel.GalaxyUA.Amazon.13_VBC,NCPV001_HS_50_13.VBC,1,NCPV001_HS_50_13,VBC,kV,hawt
15,ns=2;s=GalaxyUAChannel.GalaxyUA.Amazon.13_VCA,NCPV001_HS_50_13.VCA,1,NCPV001_HS_50_13,VCA,kV,hawt
16,ns=2;s=GalaxyUAChannel.GalaxyUA.Amazon.Inverter101_Measure.ActivePower_kW,Inverter101_Measure.ActivePower_kW,1,Inverter101,ActivePower,kW,hawt
17,ns=2;s=GalaxyUAChannel.GalaxyUA.Amazon.Inverter101_Measure.DC_InputCurrent,Inverter101_Measure.DC_InputCurrent,1,Inverter101,DC_InputCurrent,A,hawt
18,ns=2;s=GalaxyUAChannel.GalaxyUA.Amazon.Inverter101_Measure.DC_InputPower,Inverter101_Measure.DC_InputPower,1,Inverter101,DC_InputPower,kW,hawt
19,ns=2;s=GalaxyUAChannel.GalaxyUA.Amazon.Inverter101_Measure.DC_VoltagePV,Inverter101_Measure.DC_VoltagePV,1,Inverter101,DC_VoltagePV,V,hawt
20,ns=2;s=GalaxyUAChannel.GalaxyUA.Amazon.Inverter101_Measure.Frequency,Inverter101_Measure.Frequency,1,Inverter101,Frequency,Hz,hawt
21,ns=2;s=GalaxyUAChannel.GalaxyUA.Amazon.Inverter101_Measure.PowerFactor,Inverter101_Measure.PowerFactor,1,Inverter101,PowerFactor,%,hawt
22,ns=2;s=GalaxyUAChannel.GalaxyUA.Amazon.Inverter101_Measure.ReactivePower_kVAr,Inverter101_Measure.ReactivePower_kVAr,1,Inverter101,ReactivePower,kVAr,hawt
23,ns=2;s=GalaxyUAChannel.GalaxyUA.Amazon.Inverter101_Measure.Vab,Inverter101_Measure.Vab,1,Inverter101,Vab,kV,hawt
24,ns=2;s=GalaxyUAChannel.GalaxyUA.Amazon.Inverter101_Measure.Vbc,Inverter101_Measure.Vbc,1,Inverter101,Vbc,kV,hawt
25,ns=2;s=GalaxyUAChannel.GalaxyUA.Amazon.Inverter101_Measure.Vca,Inverter101_Measure.Vca,1,Inverter101,Vca,kV,hawt
26,ns=2;s=GalaxyUAChannel.GalaxyUA.Amazon.Inverter101_Measure.Ia,Inverter101_MeasureIa,1,Inverter101,Ia,A,hawt
27,ns=2;s=GalaxyUAChannel.GalaxyUA.Amazon.Inverter101_Measure.Ib,Inverter101_MeasureIa,1,Inverter101,Ib,A,hawt
28,ns=2;s=GalaxyUAChannel.GalaxyUA.Amazon.Inverter101_Measure.Ic,Inverter101_MeasureIa,1,Inverter101,Ic,A,hawt
29,ns=2;s=GalaxyUAChannel.GalaxyUA.Amazon.Inverter102_Measure.ActivePower_kW,Inverter102_Measure.ActivePower_kW,1,Inverter102,ActivePower,kW,hawt
30,ns=2;s=GalaxyUAChannel.GalaxyUA.Amazon.Inverter102_Measure.DC_InputCurrent,Inverter102_Measure.DC_InputCurrent,1,Inverter102,DC_InputCurrent,A,hawt
31,ns=2;s=GalaxyUAChannel.GalaxyUA.Amazon.Inverter102_Measure.DC_InputPower,Inverter102_Measure.DC_InputPower,1,Inverter102,DC_InputPower,kW,hawt
32,ns=2;s=GalaxyUAChannel.GalaxyUA.Amazon.Inverter102_Measure.DC_VoltagePV,Inverter102_Measure.DC_VoltagePV,1,Inverter102,DC_VoltagePV,V,hawt
33,ns=2;s=GalaxyUAChannel.GalaxyUA.Amazon.Inverter102_Measure.Frequency,Inverter102_Measure.Frequency,1,Inverter102,Frequency,Hz,hawt
34,ns=2;s=GalaxyUAChannel.GalaxyUA.Amazon.Inverter102_Measure.PowerFactor,Inverter102_Measure.PowerFactor,1,Inverter102,PowerFactor,%,hawt
35,ns=2;s=GalaxyUAChannel.GalaxyUA.Amazon.Inverter102_Measure.ReactivePower_kVAr,Inverter102_Measure.ReactivePower_kVAr,1,Inverter102,ReactivePower,kVAr,hawt
36,ns=2;s=GalaxyUAChannel.GalaxyUA.Amazon.Inverter102_Measure.Vab,Inverter102_Measure.Vab,1,Inverter102,Vab,kV,hawt
37,ns=2;s=GalaxyUAChannel.GalaxyUA.Amazon.Inverter102_Measure.Vbc,Inverter102_Measure.Vbc,1,Inverter102,Vbc,kV,hawt
38,ns=2;s=GalaxyUAChannel.GalaxyUA.Amazon.Inverter102_Measure.Vca,Inverter102_Measure.Vca,1,Inverter102,Vca,kV,hawt
39,ns=2;s=GalaxyUAChannel.GalaxyUA.Amazon.Inverter102_Measure.Ia,Inverter102_MeasureIa,1,Inverter102,Ia,A,hawt
40,ns=2;s=GalaxyUAChannel.GalaxyUA.Amazon.Inverter102_Measure.Ib,Inverter102_MeasureIa,1,Inverter102,Ib,A,hawt
41,ns=2;s=GalaxyUAChannel.GalaxyUA.Amazon.Inverter102_Measure.Ic,Inverter102_MeasureIa,1,Inverter102,Ic,A,hawt
42,ns=2;s=GalaxyUAChannel.GalaxyUA.Amazon.Inverter103_Measure.ActivePower_kW,Inverter103_Measure.ActivePower_kW,1,Inverter103,ActivePower,kW,hawt
43,ns=2;s=GalaxyUAChannel.GalaxyUA.Amazon.Inverter103_Measure.DC_InputCurrent,Inverter103_Measure.DC_InputCurrent,1,Inverter103,DC_InputCurrent,A,hawt
44,ns=2;s=GalaxyUAChannel.GalaxyUA.Amazon.Inverter103_Measure.DC_InputPower,Inverter103_Measure.DC_InputPower,1,Inverter103,DC_InputPower,kW,hawt
45,ns=2;s=GalaxyUAChannel.GalaxyUA.Amazon.Inverter103_Measure.DC_VoltagePV,Inverter103_Measure.DC_VoltagePV,1,Inverter103,DC_VoltagePV,V,hawt
46,ns=2;s=GalaxyUAChannel.GalaxyUA.Amazon.Inverter103_Measure.Frequency,Inverter103_Measure.Frequency,1,Inverter103,Frequency,Hz,hawt
47,ns=2;s=GalaxyUAChannel.GalaxyUA.Amazon.Inverter103_Measure.PowerFactor,Inverter103_Measure.PowerFactor,1,Inverter103,PowerFactor,%,hawt
48,ns=2;s=GalaxyUAChannel.GalaxyUA.Amazon.Inverter103_Measure.ReactivePower_kVAr,Inverter103_Measure.ReactivePower_kVAr,1,Inverter103,ReactivePower,kVAr,hawt
49,ns=2;s=GalaxyUAChannel.GalaxyUA.Amazon.Inverter103_Measure.Vab,Inverter103_Measure.Vab,1,Inverter103,Vab,kV,hawt
50,ns=2;s=GalaxyUAChannel.GalaxyUA.Amazon.Inverter103_Measure.Vbc,Inverter103_Measure.Vbc,1,Inverter103,Vbc,kV,hawt
51,ns=2;s=GalaxyUAChannel.GalaxyUA.Amazon.Inverter103_Measure.Vca,Inverter103_Measure.Vca,1,Inverter103,Vca,kV,hawt
52,ns=2;s=GalaxyUAChannel.GalaxyUA.Amazon.Inverter103_Measure.Ia,Inverter103_MeasureIa,1,Inverter103,Ia,A,hawt
53,ns=2;s=GalaxyUAChannel.GalaxyUA.Amazon.Inverter103_Measure.Ib,Inverter103_MeasureIa,1,Inverter103,Ib,A,hawt
54,ns=2;s=GalaxyUAChannel.GalaxyUA.Amazon.Inverter103_Measure.Ic,Inverter103_MeasureIa,1,Inverter103,Ic,A,hawt
55,ns=2;s=GalaxyUAChannel.GalaxyUA.Amazon.Inverter104_Measure.ActivePower_kW,Inverter104_Measure.ActivePower_kW,1,Inverter104,ActivePower,kW,hawt
56,ns=2;s=GalaxyUAChannel.GalaxyUA.Amazon.Inverter104_Measure.DC_InputCurrent,Inverter104_Measure.DC_InputCurrent,1,Inverter104,DC_InputCurrent,A,hawt
57,ns=2;s=GalaxyUAChannel.GalaxyUA.Amazon.Inverter104_Measure.DC_InputPower,Inverter104_Measure.DC_InputPower,1,Inverter104,DC_InputPower,kW,hawt
58,ns=2;s=GalaxyUAChannel.GalaxyUA.Amazon.Inverter104_Measure.DC_VoltagePV,Inverter104_Measure.DC_VoltagePV,1,Inverter104,DC_VoltagePV,V,hawt
59,ns=2;s=GalaxyUAChannel.GalaxyUA.Amazon.Inverter104_Measure.Frequency,Inverter104_Measure.Frequency,1,Inverter104,Frequency,Hz,hawt
60,ns=2;s=GalaxyUAChannel.GalaxyUA.Amazon.Inverter104_Measure.PowerFactor,Inverter104_Measure.PowerFactor,1,Inverter104,PowerFactor,%,hawt
61,ns=2;s=GalaxyUAChannel.GalaxyUA.Amazon.Inverter104_Measure.ReactivePower_kVAr,Inverter104_Measure.ReactivePower_kVAr,1,Inverter104,ReactivePower,kVAr,hawt
62,ns=2;s=GalaxyUAChannel.GalaxyUA.Amazon.Inverter104_Measure.Vab,Inverter104_Measure.Vab,1,Inverter104,Vab,kV,hawt
63,ns=2;s=GalaxyUAChannel.GalaxyUA.Amazon.Inverter104_Measure.Vbc,Inverter104_Measure.Vbc,1,Inverter104,Vbc,kV,hawt
64,ns=2;s=GalaxyUAChannel.GalaxyUA.Amazon.Inverter104_Measure.Vca,Inverter104_Measure.Vca,1,Inverter104,Vca,kV,hawt
65,ns=2;s=GalaxyUAChannel.GalaxyUA.Amazon.Inverter104_Measure.Ia,Inverter104_MeasureIa,1,Inverter104,Ia,A,hawt
66,ns=2;s=GalaxyUAChannel.GalaxyUA.Amazon.Inverter104_Measure.Ib,Inverter104_MeasureIa,1,Inverter104,Ib,A,hawt
67,ns=2;s=GalaxyUAChannel.GalaxyUA.Amazon.Inverter104_Measure.Ic,Inverter104_MeasureIa,1,Inverter104,Ic,A,hawt
68,ns=2;s=GalaxyUAChannel.GalaxyUA.Amazon.Inverter105_Measure.ActivePower_kW,Inverter105_Measure.ActivePower_kW,1,Inverter105,ActivePower,kW,hawt
69,ns=2;s=GalaxyUAChannel.GalaxyUA.Amazon.Inverter105_Measure.DC_InputCurrent,Inverter105_Measure.DC_InputCurrent,1,Inverter105,DC_InputCurrent,A,hawt
70,ns=2;s=GalaxyUAChannel.GalaxyUA.Amazon.Inverter105_Measure.DC_InputPower,Inverter105_Measure.DC_InputPower,1,Inverter105,DC_InputPower,kW,hawt
71,ns=2;s=GalaxyUAChannel.GalaxyUA.Amazon.Inverter105_Measure.DC_VoltagePV,Inverter105_Measure.DC_VoltagePV,1,Inverter105,DC_VoltagePV,V,hawt
72,ns=2;s=GalaxyUAChannel.GalaxyUA.Amazon.Inverter105_Measure.Frequency,Inverter105_Measure.Frequency,1,Inverter105,Frequency,Hz,hawt
73,ns=2;s=GalaxyUAChannel.GalaxyUA.Amazon.Inverter105_Measure.PowerFactor,Inverter105_Measure.PowerFactor,1,Inverter105,PowerFactor,%,hawt
74,ns=2;s=GalaxyUAChannel.GalaxyUA.Amazon.Inverter105_Measure.ReactivePower_kVAr,Inverter105_Measure.ReactivePower_kVAr,1,Inverter105,ReactivePower,kVAr,hawt
75,ns=2;s=GalaxyUAChannel.GalaxyUA.Amazon.Inverter105_Measure.Vab,Inverter105_Measure.Vab,1,Inverter105,Vab,kV,hawt
76,ns=2;s=GalaxyUAChannel.GalaxyUA.Amazon.Inverter105_Measure.Vbc,Inverter105_Measure.Vbc,1,Inverter105,Vbc,kV,hawt
77,ns=2;s=GalaxyUAChannel.GalaxyUA.Amazon.Inverter105_Measure.Vca,Inverter105_Measure.Vca,1,Inverter105,Vca,kV,hawt
78,ns=2;s=GalaxyUAChannel.GalaxyUA.Amazon.Inverter105_Measure.Ia,Inverter105_MeasureIa,1,Inverter105,Ia,A,hawt
79,ns=2;s=GalaxyUAChannel.GalaxyUA.Amazon.Inverter105_Measure.Ib,Inverter105_MeasureIa,1,Inverter105,Ib,A,hawt
80,ns=2;s=GalaxyUAChannel.GalaxyUA.Amazon.Inverter105_Measure.Ic,Inverter105_MeasureIa,1,Inverter105,Ic,A,hawt
81,ns=2;s=GalaxyUAChannel.GalaxyUA.Amazon.Inverter106_Measure.ActivePower_kW,Inverter106_Measure.ActivePower_kW,1,Inverter106,ActivePower,kW,hawt
82,ns=2;s=GalaxyUAChannel.GalaxyUA.Amazon.Inverter106_Measure.DC_InputCurrent,Inverter106_Measure.DC_InputCurrent,1,Inverter106,DC_InputCurrent,A,hawt
83,ns=2;s=GalaxyUAChannel.GalaxyUA.Amazon.Inverter106_Measure.DC_InputPower,Inverter106_Measure.DC_InputPower,1,Inverter106,DC_InputPower,kW,hawt
84,ns=2;s=GalaxyUAChannel.GalaxyUA.Amazon.Inverter106_Measure.DC_VoltagePV,Inverter106_Measure.DC_VoltagePV,1,Inverter106,DC_VoltagePV,V,hawt
85,ns=2;s=GalaxyUAChannel.GalaxyUA.Amazon.Inverter106_Measure.Frequency,Inverter106_Measure.Frequency,1,Inverter106,Frequency,Hz,hawt
86,ns=2;s=GalaxyUAChannel.GalaxyUA.Amazon.Inverter106_Measure.PowerFactor,Inverter106_Measure.PowerFactor,1,Inverter106,PowerFactor,%,hawt
87,ns=2;s=GalaxyUAChannel.GalaxyUA.Amazon.Inverter106_Measure.ReactivePower_kVAr,Inverter106_Measure.ReactivePower_kVAr,1,Inverter106,ReactivePower,kVAr,hawt
88,ns=2;s=GalaxyUAChannel.GalaxyUA.Amazon.Inverter106_Measure.Vab,Inverter106_Measure.Vab,1,Inverter106,Vab,kV,hawt
89,ns=2;s=GalaxyUAChannel.GalaxyUA.Amazon.Inverter106_Measure.Vbc,Inverter106_Measure.Vbc,1,Inverter106,Vbc,kV,hawt
90,ns=2;s=GalaxyUAChannel.GalaxyUA.Amazon.Inverter106_Measure.Vca,Inverter106_Measure.Vca,1,Inverter106,Vca,kV,hawt
91,ns=2;s=GalaxyUAChannel.GalaxyUA.Amazon.Inverter106_Measure.Ia,Inverter106_MeasureIa,1,Inverter106,Ia,A,hawt
92,ns=2;s=GalaxyUAChannel.GalaxyUA.Amazon.Inverter106_Measure.Ib,Inverter106_MeasureIa,1,Inverter106,Ib,A,hawt
93,ns=2;s=GalaxyUAChannel.GalaxyUA.Amazon.Inverter106_Measure.Ic,Inverter106_MeasureIa,1,Inverter106,Ic,A,hawt
94,ns=2;s=GalaxyUAChannel.GalaxyUA.Amazon.Inverter107_Measure.ActivePower_kW,Inverter107_Measure.ActivePower_kW,1,Inverter107,ActivePower,kW,hawt
95,ns=2;s=GalaxyUAChannel.GalaxyUA.Amazon.Inverter107_Measure.DC_InputCurrent,Inverter107_Measure.DC_InputCurrent,1,Inverter107,DC_InputCurrent,A,hawt
96,ns=2;s=GalaxyUAChannel.GalaxyUA.Amazon.Inverter107_Measure.DC_InputPower,Inverter107_Measure.DC_InputPower,1,Inverter107,DC_InputPower,kW,hawt
97,ns=2;s=GalaxyUAChannel.GalaxyUA.Amazon.Inverter107_Measure.DC_VoltagePV,Inverter107_Measure.DC_VoltagePV,1,Inverter107,DC_VoltagePV,V,hawt
98,ns=2;s=GalaxyUAChannel.GalaxyUA.Amazon.Inverter107_Measure.Frequency,Inverter107_Measure.Frequency,1,Inverter107,Frequency,Hz,hawt
99,ns=2;s=GalaxyUAChannel.GalaxyUA.Amazon.Inverter107_Measure.PowerFactor,Inverter107_Measure.PowerFactor,1,Inverter107,PowerFactor,%,hawt
100,ns=2;s=GalaxyUAChannel.GalaxyUA.Amazon.Inverter107_Measure.ReactivePower_kVAr,Inverter107_Measure.ReactivePower_kVAr,1,Inverter107,ReactivePower,kVAr,hawt
101,ns=2;s=GalaxyUAChannel.GalaxyUA.Amazon.Inverter107_Measure.Vab,Inverter107_Measure.Vab,1,Inverter107,Vab,kV,hawt
102,ns=2;s=GalaxyUAChannel.GalaxyUA.Amazon.Inverter107_Measure.Vbc,Inverter107_Measure.Vbc,1,Inverter107,Vbc,kV,hawt
103,ns=2;s=GalaxyUAChannel.GalaxyUA.Amazon.Inverter107_Measure.Vca,Inverter107_Measure.Vca,1,Inverter107,Vca,kV,hawt
104,ns=2;s=GalaxyUAChannel.GalaxyUA.Amazon.Inverter107_Measure.Ia,Inverter107_MeasureIa,1,Inverter107,Ia,A,hawt
105,ns=2;s=GalaxyUAChannel.GalaxyUA.Amazon.Inverter107_Measure.Ib,Inverter107_MeasureIa,1,Inverter107,Ib,A,hawt
106,ns=2;s=GalaxyUAChannel.GalaxyUA.Amazon.Inverter107_Measure.Ic,Inverter107_MeasureIa,1,Inverter107,Ic,A,hawt
107,ns=2;s=GalaxyUAChannel.GalaxyUA.Amazon.Inverter101_Status.CurrentStatusCode,Inverter101_Status.CurrentStatusCode,1,Inverter101,CurrentStatusCode,n/a,hawt
108,ns=2;s=GalaxyUAChannel.GalaxyUA.Amazon.Inverter101_Status.FaultCode,Inverter101_Status.FaultCode,1,Inverter101,FaultCode,n/a,hawt
109,ns=2;s=GalaxyUAChannel.GalaxyUA.Amazon.Inverter102_Status.CurrentStatusCode,Inverter102_Status.CurrentStatusCode,1,Inverter102,CurrentStatusCode,n/a,hawt
110,ns=2;s=GalaxyUAChannel.GalaxyUA.Amazon.Inverter102_Status.FaultCode,Inverter102_Status.FaultCode,1,Inverter102,FaultCode,n/a,hawt
111,ns=2;s=GalaxyUAChannel.GalaxyUA.Amazon.Inverter103_Status.CurrentStatusCode,Inverter103_Status.CurrentStatusCode,1,Inverter103,CurrentStatusCode,n/a,hawt
112,ns=2;s=GalaxyUAChannel.GalaxyUA.Amazon.Inverter103_Status.FaultCode,Inverter103_Status.FaultCode,1,Inverter103,FaultCode,n/a,hawt
113,ns=2;s=GalaxyUAChannel.GalaxyUA.Amazon.Inverter104_Status.CurrentStatusCode,Inverter104_Status.CurrentStatusCode,1,Inverter104,CurrentStatusCode,n/a,hawt
114,ns=2;s=GalaxyUAChannel.GalaxyUA.Amazon.Inverter104_Status.FaultCode,Inverter104_Status.FaultCode,1,Inverter104,FaultCode,n/a,hawt
115,ns=2;s=GalaxyUAChannel.GalaxyUA.Amazon.Inverter105_Status.CurrentStatusCode,Inverter105_Status.CurrentStatusCode,1,Inverter105,CurrentStatusCode,n/a,hawt
116,ns=2;s=GalaxyUAChannel.GalaxyUA.Amazon.Inverter105_Status.FaultCode,Inverter105_Status.FaultCode,1,Inverter105,FaultCode,n/a,hawt
117,ns=2;s=GalaxyUAChannel.GalaxyUA.Amazon.Inverter106_Status.CurrentStatusCode,Inverter106_Status.CurrentStatusCode,1,Inverter106,CurrentStatusCode,n/a,hawt
118,ns=2;s=GalaxyUAChannel.GalaxyUA.Amazon.Inverter106_Status.FaultCode,Inverter106_Status.FaultCode,1,Inverter106,FaultCode,n/a,hawt
119,ns=2;s=GalaxyUAChannel.GalaxyUA.Amazon.Inverter107_Status.CurrentStatusCode,Inverter107_Status.CurrentStatusCode,1,Inverter107,CurrentStatusCode,n/a,hawt
120,ns=2;s=GalaxyUAChannel.GalaxyUA.Amazon.Inverter107_Status.FaultCode,Inverter107_Status.FaultCode,1,Inverter107,FaultCode,n/a,hawt
121,ns=2;s=GalaxyUAChannel.GalaxyUA.Amazon.Inverter201_Measure.ActivePower_kW,Inverter201_Measure.ActivePower_kW,1,Inverter201,ActivePower,kW,hawt
122,ns=2;s=GalaxyUAChannel.GalaxyUA.Amazon.Inverter201_Measure.DC_InputCurrent,Inverter201_Measure.DC_InputCurrent,1,Inverter201,DC_InputCurrent,A,hawt
123,ns=2;s=GalaxyUAChannel.GalaxyUA.Amazon.Inverter201_Measure.DC_InputPower,Inverter201_Measure.DC_InputPower,1,Inverter201,DC_InputPower,kW,hawt
124,ns=2;s=GalaxyUAChannel.GalaxyUA.Amazon.Inverter201_Measure.DC_VoltagePV,Inverter201_Measure.DC_VoltagePV,1,Inverter201,DC_VoltagePV,V,hawt
125,ns=2;s=GalaxyUAChannel.GalaxyUA.Amazon.Inverter201_Measure.Frequency,Inverter201_Measure.Frequency,1,Inverter201,Frequency,Hz,hawt
126,ns=2;s=GalaxyUAChannel.GalaxyUA.Amazon.Inverter201_Measure.PowerFactor,Inverter201_Measure.PowerFactor,1,Inverter201,PowerFactor,%,hawt
127,ns=2;s=GalaxyUAChannel.GalaxyUA.Amazon.Inverter201_Measure.ReactivePower_kVAr,Inverter201_Measure.ReactivePower_kVAr,1,Inverter201,ReactivePower,kVAr,hawt
128,ns=2;s=GalaxyUAChannel.GalaxyUA.Amazon.Inverter201_Measure.Vab,Inverter201_Measure.Vab,1,Inverter201,Vab,kV,hawt
129,ns=2;s=GalaxyUAChannel.GalaxyUA.Amazon.Inverter201_Measure.Vbc,Inverter201_Measure.Vbc,1,Inverter201,Vbc,kV,hawt
130,ns=2;s=GalaxyUAChannel.GalaxyUA.Amazon.Inverter201_Measure.Vca,Inverter201_Measure.Vca,1,Inverter201,Vca,kV,hawt
131,ns=2;s=GalaxyUAChannel.GalaxyUA.Amazon.Inverter201_Measure.Ia,Inverter201_MeasureIa,1,Inverter201,Ia,A,hawt
132,ns=2;s=GalaxyUAChannel.GalaxyUA.Amazon.Inverter201_Measure.Ib,Inverter201_MeasureIa,1,Inverter201,Ib,A,hawt
133,ns=2;s=GalaxyUAChannel.GalaxyUA.Amazon.Inverter201_Measure.Ic,Inverter201_MeasureIa,1,Inverter201,Ic,A,hawt
134,ns=2;s=GalaxyUAChannel.GalaxyUA.Amazon.Inverter202_Measure.ActivePower_kW,Inverter202_Measure.ActivePower_kW,1,Inverter202,ActivePower,kW,hawt
135,ns=2;s=GalaxyUAChannel.GalaxyUA.Amazon.Inverter202_Measure.DC_InputCurrent,Inverter202_Measure.DC_InputCurrent,1,Inverter202,DC_InputCurrent,A,hawt
136,ns=2;s=GalaxyUAChannel.GalaxyUA.Amazon.Inverter202_Measure.DC_InputPower,Inverter202_Measure.DC_InputPower,1,Inverter202,DC_InputPower,kW,hawt
137,ns=2;s=GalaxyUAChannel.GalaxyUA.Amazon.Inverter202_Measure.DC_VoltagePV,Inverter202_Measure.DC_VoltagePV,1,Inverter202,DC_VoltagePV,V,hawt
138,ns=2;s=GalaxyUAChannel.GalaxyUA.Amazon.Inverter202_Measure.Frequency,Inverter202_Measure.Frequency,1,Inverter202,Frequency,Hz,hawt
139,ns=2;s=GalaxyUAChannel.GalaxyUA.Amazon.Inverter202_Measure.PowerFactor,Inverter202_Measure.PowerFactor,1,Inverter202,PowerFactor,%,hawt
140,ns=2;s=GalaxyUAChannel.GalaxyUA.Amazon.Inverter202_Measure.ReactivePower_kVAr,Inverter202_Measure.ReactivePower_kVAr,1,Inverter202,ReactivePower,kVAr,hawt
141,ns=2;s=GalaxyUAChannel.GalaxyUA.Amazon.Inverter202_Measure.Vab,Inverter202_Measure.Vab,1,Inverter202,Vab,kV,hawt
142,ns=2;s=GalaxyUAChannel.GalaxyUA.Amazon.Inverter202_Measure.Vbc,Inverter202_Measure.Vbc,1,Inverter202,Vbc,kV,hawt
143,ns=2;s=GalaxyUAChannel.GalaxyUA.Amazon.Inverter202_Measure.Vca,Inverter202_Measure.Vca,1,Inverter202,Vca,kV,hawt
144,ns=2;s=GalaxyUAChannel.GalaxyUA.Amazon.Inverter202_Measure.Ia,Inverter202_MeasureIa,1,Inverter202,Ia,A,hawt
145,ns=2;s=GalaxyUAChannel.GalaxyUA.Amazon.Inverter202_Measure.Ib,Inverter202_MeasureIa,1,Inverter202,Ib,A,hawt
146,ns=2;s=GalaxyUAChannel.GalaxyUA.Amazon.Inverter202_Measure.Ic,Inverter202_MeasureIa,1,Inverter202,Ic,A,hawt
147,ns=2;s=GalaxyUAChannel.GalaxyUA.Amazon.Inverter203_Measure.ActivePower_kW,Inverter203_Measure.ActivePower_kW,1,Inverter203,ActivePower,kW,hawt
148,ns=2;s=GalaxyUAChannel.GalaxyUA.Amazon.Inverter203_Measure.DC_InputCurrent,Inverter203_Measure.DC_InputCurrent,1,Inverter203,DC_InputCurrent,A,hawt
149,ns=2;s=GalaxyUAChannel.GalaxyUA.Amazon.Inverter203_Measure.DC_InputPower,Inverter203_Measure.DC_InputPower,1,Inverter203,DC_InputPower,kW,hawt
150,ns=2;s=GalaxyUAChannel.GalaxyUA.Amazon.Inverter203_Measure.DC_VoltagePV,Inverter203_Measure.DC_VoltagePV,1,Inverter203,DC_VoltagePV,V,hawt
151,ns=2;s=GalaxyUAChannel.GalaxyUA.Amazon.Inverter203_Measure.Frequency,Inverter203_Measure.Frequency,1,Inverter203,Frequency,Hz,hawt
152,ns=2;s=GalaxyUAChannel.GalaxyUA.Amazon.Inverter203_Measure.PowerFactor,Inverter203_Measure.PowerFactor,1,Inverter203,PowerFactor,%,hawt
153,ns=2;s=GalaxyUAChannel.GalaxyUA.Amazon.Inverter203_Measure.ReactivePower_kVAr,Inverter203_Measure.ReactivePower_kVAr,1,Inverter203,ReactivePower,kVAr,hawt
154,ns=2;s=GalaxyUAChannel.GalaxyUA.Amazon.Inverter203_Measure.Vab,Inverter203_Measure.Vab,1,Inverter203,Vab,kV,hawt
155,ns=2;s=GalaxyUAChannel.GalaxyUA.Amazon.Inverter203_Measure.Vbc,Inverter203_Measure.Vbc,1,Inverter203,Vbc,kV,hawt
156,ns=2;s=GalaxyUAChannel.GalaxyUA.Amazon.Inverter203_Measure.Vca,Inverter203_Measure.Vca,1,Inverter203,Vca,kV,hawt
157,ns=2;s=GalaxyUAChannel.GalaxyUA.Amazon.Inverter203_Measure.Ia,Inverter203_MeasureIa,1,Inverter203,Ia,A,hawt
158,ns=2;s=GalaxyUAChannel.GalaxyUA.Amazon.Inverter203_Measure.Ib,Inverter203_MeasureIa,1,Inverter203,Ib,A,hawt
159,ns=2;s=GalaxyUAChannel.GalaxyUA.Amazon.Inverter203_Measure.Ic,Inverter203_MeasureIa,1,Inverter203,Ic,A,hawt
160,ns=2;s=GalaxyUAChannel.GalaxyUA.Amazon.Inverter204_Measure.ActivePower_kW,Inverter204_Measure.ActivePower_kW,1,Inverter204,ActivePower,kW,hawt
161,ns=2;s=GalaxyUAChannel.GalaxyUA.Amazon.Inverter204_Measure.DC_InputCurrent,Inverter204_Measure.DC_InputCurrent,1,Inverter204,DC_InputCurrent,A,hawt
162,ns=2;s=GalaxyUAChannel.GalaxyUA.Amazon.Inverter204_Measure.DC_InputPower,Inverter204_Measure.DC_InputPower,1,Inverter204,DC_InputPower,kW,hawt
163,ns=2;s=GalaxyUAChannel.GalaxyUA.Amazon.Inverter204_Measure.DC_VoltagePV,Inverter204_Measure.DC_VoltagePV,1,Inverter204,DC_VoltagePV,V,hawt
164,ns=2;s=GalaxyUAChannel.GalaxyUA.Amazon.Inverter204_Measure.Frequency,Inverter204_Measure.Frequency,1,Inverter204,Frequency,Hz,hawt
165,ns=2;s=GalaxyUAChannel.GalaxyUA.Amazon.Inverter204_Measure.PowerFactor,Inverter204_Measure.PowerFactor,1,Inverter204,PowerFactor,%,hawt
166,ns=2;s=GalaxyUAChannel.GalaxyUA.Amazon.Inverter204_Measure.ReactivePower_kVAr,Inverter204_Measure.ReactivePower_kVAr,1,Inverter204,ReactivePower,kVAr,hawt
167,ns=2;s=GalaxyUAChannel.GalaxyUA.Amazon.Inverter204_Measure.Vab,Inverter204_Measure.Vab,1,Inverter204,Vab,kV,hawt
168,ns=2;s=GalaxyUAChannel.GalaxyUA.Amazon.Inverter204_Measure.Vbc,Inverter204_Measure.Vbc,1,Inverter204,Vbc,kV,hawt
169,ns=2;s=GalaxyUAChannel.GalaxyUA.Amazon.Inverter204_Measure.Vca,Inverter204_Measure.Vca,1,Inverter204,Vca,kV,hawt
170,ns=2;s=GalaxyUAChannel.GalaxyUA.Amazon.Inverter204_Measure.Ia,Inverter204_MeasureIa,1,Inverter204,Ia,A,hawt
171,ns=2;s=GalaxyUAChannel.GalaxyUA.Amazon.Inverter204_Measure.Ib,Inverter204_MeasureIa,1,Inverter204,Ib,A,hawt
172,ns=2;s=GalaxyUAChannel.GalaxyUA.Amazon.Inverter204_Measure.Ic,Inverter204_MeasureIa,1,Inverter204,Ic,A,hawt
173,ns=2;s=GalaxyUAChannel.GalaxyUA.Amazon.Inverter205_Measure.ActivePower_kW,Inverter205_Measure.ActivePower_kW,1,Inverter205,ActivePower,kW,hawt
174,ns=2;s=GalaxyUAChannel.GalaxyUA.Amazon.Inverter205_Measure.DC_InputCurrent,Inverter205_Measure.DC_InputCurrent,1,Inverter205,DC_InputCurrent,A,hawt
175,ns=2;s=GalaxyUAChannel.GalaxyUA.Amazon.Inverter205_Measure.DC_InputPower,Inverter205_Measure.DC_InputPower,1,Inverter205,DC_InputPower,kW,hawt
176,ns=2;s=GalaxyUAChannel.GalaxyUA.Amazon.Inverter205_Measure.DC_VoltagePV,Inverter205_Measure.DC_VoltagePV,1,Inverter205,DC_VoltagePV,V,hawt
177,ns=2;s=GalaxyUAChannel.GalaxyUA.Amazon.Inverter205_Measure.Frequency,Inverter205_Measure.Frequency,1,Inverter205,Frequency,Hz,hawt
178,ns=2;s=GalaxyUAChannel.GalaxyUA.Amazon.Inverter205_Measure.PowerFactor,Inverter205_Measure.PowerFactor,1,Inverter205,PowerFactor,%,hawt
179,ns=2;s=GalaxyUAChannel.GalaxyUA.Amazon.Inverter205_Measure.ReactivePower_kVAr,Inverter205_Measure.ReactivePower_kVAr,1,Inverter205,ReactivePower,kVAr,hawt
180,ns=2;s=GalaxyUAChannel.GalaxyUA.Amazon.Inverter205_Measure.Vab,Inverter205_Measure.Vab,1,Inverter205,Vab,kV,hawt
181,ns=2;s=GalaxyUAChannel.GalaxyUA.Amazon.Inverter205_Measure.Vbc,Inverter205_Measure.Vbc,1,Inverter205,Vbc,kV,hawt
182,ns=2;s=GalaxyUAChannel.GalaxyUA.Amazon.Inverter205_Measure.Vca,Inverter205_Measure.Vca,1,Inverter205,Vca,kV,hawt
183,ns=2;s=GalaxyUAChannel.GalaxyUA.Amazon.Inverter205_Measure.Ia,Inverter205_MeasureIa,1,Inverter205,Ia,A,hawt
184,ns=2;s=GalaxyUAChannel.GalaxyUA.Amazon.Inverter205_Measure.Ib,Inverter205_MeasureIa,1,Inverter205,Ib,A,hawt
185,ns=2;s=GalaxyUAChannel.GalaxyUA.Amazon.Inverter205_Measure.Ic,Inverter205_MeasureIa,1,Inverter205,Ic,A,hawt
186,ns=2;s=GalaxyUAChannel.GalaxyUA.Amazon.Inverter206_Measure.ActivePower_kW,Inverter206_Measure.ActivePower_kW,1,Inverter206,ActivePower,kW,hawt
187,ns=2;s=GalaxyUAChannel.GalaxyUA.Amazon.Inverter206_Measure.DC_InputCurrent,Inverter206_Measure.DC_InputCurrent,1,Inverter206,DC_InputCurrent,A,hawt
188,ns=2;s=GalaxyUAChannel.GalaxyUA.Amazon.Inverter206_Measure.DC_InputPower,Inverter206_Measure.DC_InputPower,1,Inverter206,DC_InputPower,kW,hawt
189,ns=2;s=GalaxyUAChannel.GalaxyUA.Amazon.Inverter206_Measure.DC_VoltagePV,Inverter206_Measure.DC_VoltagePV,1,Inverter206,DC_VoltagePV,V,hawt
190,ns=2;s=GalaxyUAChannel.GalaxyUA.Amazon.Inverter206_Measure.Frequency,Inverter206_Measure.Frequency,1,Inverter206,Frequency,Hz,hawt
191,ns=2;s=GalaxyUAChannel.GalaxyUA.Amazon.Inverter206_Measure.PowerFactor,Inverter206_Measure.PowerFactor,1,Inverter206,PowerFactor,%,hawt
192,ns=2;s=GalaxyUAChannel.GalaxyUA.Amazon.Inverter206_Measure.ReactivePower_kVAr,Inverter206_Measure.ReactivePower_kVAr,1,Inverter206,ReactivePower,kVAr,hawt
193,ns=2;s=GalaxyUAChannel.GalaxyUA.Amazon.Inverter206_Measure.Vab,Inverter206_Measure.Vab,1,Inverter206,Vab,kV,hawt
194,ns=2;s=GalaxyUAChannel.GalaxyUA.Amazon.Inverter206_Measure.Vbc,Inverter206_Measure.Vbc,1,Inverter206,Vbc,kV,hawt
195,ns=2;s=GalaxyUAChannel.GalaxyUA.Amazon.Inverter206_Measure.Vca,Inverter206_Measure.Vca,1,Inverter206,Vca,kV,hawt
196,ns=2;s=GalaxyUAChannel.GalaxyUA.Amazon.Inverter206_Measure.Ia,Inverter206_MeasureIa,1,Inverter206,Ia,A,hawt
197,ns=2;s=GalaxyUAChannel.GalaxyUA.Amazon.Inverter206_Measure.Ib,Inverter206_MeasureIa,1,Inverter206,Ib,A,hawt
198,ns=2;s=GalaxyUAChannel.GalaxyUA.Amazon.Inverter206_Measure.Ic,Inverter206_MeasureIa,1,Inverter206,Ic,A,hawt
199,ns=2;s=GalaxyUAChannel.GalaxyUA.Amazon.Inverter207_Measure.ActivePower_kW,Inverter207_Measure.ActivePower_kW,1,Inverter207,ActivePower,kW,hawt
200,ns=2;s=GalaxyUAChannel.GalaxyUA.Amazon.Inverter207_Measure.DC_InputCurrent,Inverter207_Measure.DC_InputCurrent,1,Inverter207,DC_InputCurrent,A,hawt
201,ns=2;s=GalaxyUAChannel.GalaxyUA.Amazon.Inverter207_Measure.DC_InputPower,Inverter207_Measure.DC_InputPower,1,Inverter207,DC_InputPower,kW,hawt
202,ns=2;s=GalaxyUAChannel.GalaxyUA.Amazon.Inverter207_Measure.DC_VoltagePV,Inverter207_Measure.DC_VoltagePV,1,Inverter207,DC_VoltagePV,V,hawt
203,ns=2;s=GalaxyUAChannel.GalaxyUA.Amazon.Inverter207_Measure.Frequency,Inverter207_Measure.Frequency,1,Inverter207,Frequency,Hz,hawt
204,ns=2;s=GalaxyUAChannel.GalaxyUA.Amazon.Inverter207_Measure.PowerFactor,Inverter207_Measure.PowerFactor,1,Inverter207,PowerFactor,%,hawt
205,ns=2;s=GalaxyUAChannel.GalaxyUA.Amazon.Inverter207_Measure.ReactivePower_kVAr,Inverter207_Measure.ReactivePower_kVAr,1,Inverter207,ReactivePower,kVAr,hawt
206,ns=2;s=GalaxyUAChannel.GalaxyUA.Amazon.Inverter207_Measure.Vab,Inverter207_Measure.Vab,1,Inverter207,Vab,kV,hawt
207,ns=2;s=GalaxyUAChannel.GalaxyUA.Amazon.Inverter207_Measure.Vbc,Inverter207_Measure.Vbc,1,Inverter207,Vbc,kV,hawt
208,ns=2;s=GalaxyUAChannel.GalaxyUA.Amazon.Inverter207_Measure.Vca,Inverter207_Measure.Vca,1,Inverter207,Vca,kV,hawt
209,ns=2;s=GalaxyUAChannel.GalaxyUA.Amazon.Inverter207_Measure.Ia,Inverter207_MeasureIa,1,Inverter207,Ia,A,hawt
210,ns=2;s=GalaxyUAChannel.GalaxyUA.Amazon.Inverter207_Measure.Ib,Inverter207_MeasureIa,1,Inverter207,Ib,A,hawt
211,ns=2;s=GalaxyUAChannel.GalaxyUA.Amazon.Inverter207_Measure.Ic,Inverter207_MeasureIa,1,Inverter207,Ic,A,hawt
212,ns=2;s=GalaxyUAChannel.GalaxyUA.Amazon.Inverter201_Status.CurrentStatusCode,Inverter201_Status.CurrentStatusCode,1,Inverter201,CurrentStatusCode,n/a,hawt
213,ns=2;s=GalaxyUAChannel.GalaxyUA.Amazon.Inverter201_Status.FaultCode,Inverter201_Status.FaultCode,1,Inverter201,FaultCode,n/a,hawt
214,ns=2;s=GalaxyUAChannel.GalaxyUA.Amazon.Inverter202_Status.CurrentStatusCode,Inverter202_Status.CurrentStatusCode,1,Inverter202,CurrentStatusCode,n/a,hawt
215,ns=2;s=GalaxyUAChannel.GalaxyUA.Amazon.Inverter202_Status.FaultCode,Inverter202_Status.FaultCode,1,Inverter202,FaultCode,n/a,hawt
216,ns=2;s=GalaxyUAChannel.GalaxyUA.Amazon.Inverter203_Status.CurrentStatusCode,Inverter203_Status.CurrentStatusCode,1,Inverter203,CurrentStatusCode,n/a,hawt
217,ns=2;s=GalaxyUAChannel.GalaxyUA.Amazon.Inverter203_Status.FaultCode,Inverter203_Status.FaultCode,1,Inverter203,FaultCode,n/a,hawt
218,ns=2;s=GalaxyUAChannel.GalaxyUA.Amazon.Inverter204_Status.CurrentStatusCode,Inverter204_Status.CurrentStatusCode,1,Inverter204,CurrentStatusCode,n/a,hawt
219,ns=2;s=GalaxyUAChannel.GalaxyUA.Amazon.Inverter204_Status.FaultCode,Inverter204_Status.FaultCode,1,Inverter204,FaultCode,n/a,hawt
220,ns=2;s=GalaxyUAChannel.GalaxyUA.Amazon.Inverter205_Status.CurrentStatusCode,Inverter205_Status.CurrentStatusCode,1,Inverter205,CurrentStatusCode,n/a,hawt
221,ns=2;s=GalaxyUAChannel.GalaxyUA.Amazon.Inverter205_Status.FaultCode,Inverter205_Status.FaultCode,1,Inverter205,FaultCode,n/a,hawt
222,ns=2;s=GalaxyUAChannel.GalaxyUA.Amazon.Inverter206_Status.CurrentStatusCode,Inverter206_Status.CurrentStatusCode,1,Inverter206,CurrentStatusCode,n/a,hawt
223,ns=2;s=GalaxyUAChannel.GalaxyUA.Amazon.Inverter206_Status.FaultCode,Inverter206_Status.FaultCode,1,Inverter206,FaultCode,n/a,hawt
224,ns=2;s=GalaxyUAChannel.GalaxyUA.Amazon.Inverter207_Status.CurrentStatusCode,Inverter207_Status.CurrentStatusCode,1,Inverter207,CurrentStatusCode,n/a,hawt
225,ns=2;s=GalaxyUAChannel.GalaxyUA.Amazon.Inverter207_Status.FaultCode,Inverter207_Status.FaultCode,1,Inverter207,FaultCode,n/a,hawt
226,ns=2;s=GalaxyUAChannel.GalaxyUA.Amazon.Inverter301_Measure.ActivePower_kW,Inverter301_Measure.ActivePower_kW,1,Inverter301,ActivePower,kW,hawt
227,ns=2;s=GalaxyUAChannel.GalaxyUA.Amazon.Inverter301_Measure.DC_InputCurrent,Inverter301_Measure.DC_InputCurrent,1,Inverter301,DC_InputCurrent,A,hawt
228,ns=2;s=GalaxyUAChannel.GalaxyUA.Amazon.Inverter301_Measure.DC_InputPower,Inverter301_Measure.DC_InputPower,1,Inverter301,DC_InputPower,kW,hawt
229,ns=2;s=GalaxyUAChannel.GalaxyUA.Amazon.Inverter301_Measure.DC_VoltagePV,Inverter301_Measure.DC_VoltagePV,1,Inverter301,DC_VoltagePV,V,hawt
230,ns=2;s=GalaxyUAChannel.GalaxyUA.Amazon.Inverter301_Measure.Frequency,Inverter301_Measure.Frequency,1,Inverter301,Frequency,Hz,hawt
231,ns=2;s=GalaxyUAChannel.GalaxyUA.Amazon.Inverter301_Measure.PowerFactor,Inverter301_Measure.PowerFactor,1,Inverter301,PowerFactor,%,hawt
232,ns=2;s=GalaxyUAChannel.GalaxyUA.Amazon.Inverter301_Measure.ReactivePower_kVAr,Inverter301_Measure.ReactivePower_kVAr,1,Inverter301,ReactivePower,kVAr,hawt
233,ns=2;s=GalaxyUAChannel.GalaxyUA.Amazon.Inverter301_Measure.Vab,Inverter301_Measure.Vab,1,Inverter301,Vab,kV,hawt
234,ns=2;s=GalaxyUAChannel.GalaxyUA.Amazon.Inverter301_Measure.Vbc,Inverter301_Measure.Vbc,1,Inverter301,Vbc,kV,hawt
235,ns=2;s=GalaxyUAChannel.GalaxyUA.Amazon.Inverter301_Measure.Vca,Inverter301_Measure.Vca,1,Inverter301,Vca,kV,hawt
236,ns=2;s=GalaxyUAChannel.GalaxyUA.Amazon.Inverter301_Measure.Ia,Inverter301_MeasureIa,1,Inverter301,Ia,A,hawt
237,ns=2;s=GalaxyUAChannel.GalaxyUA.Amazon.Inverter301_Measure.Ib,Inverter301_MeasureIa,1,Inverter301,Ib,A,hawt
238,ns=2;s=GalaxyUAChannel.GalaxyUA.Amazon.Inverter301_Measure.Ic,Inverter301_MeasureIa,1,Inverter301,Ic,A,hawt
239,ns=2;s=GalaxyUAChannel.GalaxyUA.Amazon.Inverter302_Measure.ActivePower_kW,Inverter302_Measure.ActivePower_kW,1,Inverter302,ActivePower,kW,hawt
240,ns=2;s=GalaxyUAChannel.GalaxyUA.Amazon.Inverter302_Measure.DC_InputCurrent,Inverter302_Measure.DC_InputCurrent,1,Inverter302,DC_InputCurrent,A,hawt
241,ns=2;s=GalaxyUAChannel.GalaxyUA.Amazon.Inverter302_Measure.DC_InputPower,Inverter302_Measure.DC_InputPower,1,Inverter302,DC_InputPower,kW,hawt
242,ns=2;s=GalaxyUAChannel.GalaxyUA.Amazon.Inverter302_Measure.DC_VoltagePV,Inverter302_Measure.DC_VoltagePV,1,Inverter302,DC_VoltagePV,V,hawt
243,ns=2;s=GalaxyUAChannel.GalaxyUA.Amazon.Inverter302_Measure.Frequency,Inverter302_Measure.Frequency,1,Inverter302,Frequency,Hz,hawt
244,ns=2;s=GalaxyUAChannel.GalaxyUA.Amazon.Inverter302_Measure.PowerFactor,Inverter302_Measure.PowerFactor,1,Inverter302,PowerFactor,%,hawt
245,ns=2;s=GalaxyUAChannel.GalaxyUA.Amazon.Inverter302_Measure.ReactivePower_kVAr,Inverter302_Measure.ReactivePower_kVAr,1,Inverter302,ReactivePower,kVAr,hawt
246,ns=2;s=GalaxyUAChannel.GalaxyUA.Amazon.Inverter302_Measure.Vab,Inverter302_Measure.Vab,1,Inverter302,Vab,kV,hawt
247,ns=2;s=GalaxyUAChannel.GalaxyUA.Amazon.Inverter302_Measure.Vbc,Inverter302_Measure.Vbc,1,Inverter302,Vbc,kV,hawt
248,ns=2;s=GalaxyUAChannel.GalaxyUA.Amazon.Inverter302_Measure.Vca,Inverter302_Measure.Vca,1,Inverter302,Vca,kV,hawt
249,ns=2;s=GalaxyUAChannel.GalaxyUA.Amazon.Inverter302_Measure.Ia,Inverter302_MeasureIa,1,Inverter302,Ia,A,hawt
250,ns=2;s=GalaxyUAChannel.GalaxyUA.Amazon.Inverter302_Measure.Ib,Inverter302_MeasureIa,1,Inverter302,Ib,A,hawt
251,ns=2;s=GalaxyUAChannel.GalaxyUA.Amazon.Inverter302_Measure.Ic,Inverter302_MeasureIa,1,Inverter302,Ic,A,hawt
252,ns=2;s=GalaxyUAChannel.GalaxyUA.Amazon.Inverter303_Measure.ActivePower_kW,Inverter303_Measure.ActivePower_kW,1,Inverter303,ActivePower,kW,hawt
253,ns=2;s=GalaxyUAChannel.GalaxyUA.Amazon.Inverter303_Measure.DC_InputCurrent,Inverter303_Measure.DC_InputCurrent,1,Inverter303,DC_InputCurrent,A,hawt
254,ns=2;s=GalaxyUAChannel.GalaxyUA.Amazon.Inverter303_Measure.DC_InputPower,Inverter303_Measure.DC_InputPower,1,Inverter303,DC_InputPower,kW,hawt
255,ns=2;s=GalaxyUAChannel.GalaxyUA.Amazon.Inverter303_Measure.DC_VoltagePV,Inverter303_Measure.DC_VoltagePV,1,Inverter303,DC_VoltagePV,V,hawt
256,ns=2;s=GalaxyUAChannel.GalaxyUA.Amazon.Inverter303_Measure.Frequency,Inverter303_Measure.Frequency,1,Inverter303,Frequency,Hz,hawt
257,ns=2;s=GalaxyUAChannel.GalaxyUA.Amazon.Inverter303_Measure.PowerFactor,Inverter303_Measure.PowerFactor,1,Inverter303,PowerFactor,%,hawt
258,ns=2;s=GalaxyUAChannel.GalaxyUA.Amazon.Inverter303_Measure.ReactivePower_kVAr,Inverter303_Measure.ReactivePower_kVAr,1,Inverter303,ReactivePower,kVAr,hawt
259,ns=2;s=GalaxyUAChannel.GalaxyUA.Amazon.Inverter303_Measure.Vab,Inverter303_Measure.Vab,1,Inverter303,Vab,kV,hawt
260,ns=2;s=GalaxyUAChannel.GalaxyUA.Amazon.Inverter303_Measure.Vbc,Inverter303_Measure.Vbc,1,Inverter303,Vbc,kV,hawt
261,ns=2;s=GalaxyUAChannel.GalaxyUA.Amazon.Inverter303_Measure.Vca,Inverter303_Measure.Vca,1,Inverter303,Vca,kV,hawt
262,ns=2;s=GalaxyUAChannel.GalaxyUA.Amazon.Inverter303_Measure.Ia,Inverter303_MeasureIa,1,Inverter303,Ia,A,hawt
263,ns=2;s=GalaxyUAChannel.GalaxyUA.Amazon.Inverter303_Measure.Ib,Inverter303_MeasureIa,1,Inverter303,Ib,A,hawt
264,ns=2;s=GalaxyUAChannel.GalaxyUA.Amazon.Inverter303_Measure.Ic,Inverter303_MeasureIa,1,Inverter303,Ic,A,hawt
265,ns=2;s=GalaxyUAChannel.GalaxyUA.Amazon.Inverter304_Measure.ActivePower_kW,Inverter304_Measure.ActivePower_kW,1,Inverter304,ActivePower,kW,hawt
266,ns=2;s=GalaxyUAChannel.GalaxyUA.Amazon.Inverter304_Measure.DC_InputCurrent,Inverter304_Measure.DC_InputCurrent,1,Inverter304,DC_InputCurrent,A,hawt
267,ns=2;s=GalaxyUAChannel.GalaxyUA.Amazon.Inverter304_Measure.DC_InputPower,Inverter304_Measure.DC_InputPower,1,Inverter304,DC_InputPower,kW,hawt
268,ns=2;s=GalaxyUAChannel.GalaxyUA.Amazon.Inverter304_Measure.DC_VoltagePV,Inverter304_Measure.DC_VoltagePV,1,Inverter304,DC_VoltagePV,V,hawt
269,ns=2;s=GalaxyUAChannel.GalaxyUA.Amazon.Inverter304_Measure.Frequency,Inverter304_Measure.Frequency,1,Inverter304,Frequency,Hz,hawt
270,ns=2;s=GalaxyUAChannel.GalaxyUA.Amazon.Inverter304_Measure.PowerFactor,Inverter304_Measure.PowerFactor,1,Inverter304,PowerFactor,%,hawt
271,ns=2;s=GalaxyUAChannel.GalaxyUA.Amazon.Inverter304_Measure.ReactivePower_kVAr,Inverter304_Measure.ReactivePower_kVAr,1,Inverter304,ReactivePower,kVAr,hawt
272,ns=2;s=GalaxyUAChannel.GalaxyUA.Amazon.Inverter304_Measure.Vab,Inverter304_Measure.Vab,1,Inverter304,Vab,kV,hawt
273,ns=2;s=GalaxyUAChannel.GalaxyUA.Amazon.Inverter304_Measure.Vbc,Inverter304_Measure.Vbc,1,Inverter304,Vbc,kV,hawt
274,ns=2;s=GalaxyUAChannel.GalaxyUA.Amazon.Inverter304_Measure.Vca,Inverter304_Measure.Vca,1,Inverter304,Vca,kV,hawt
275,ns=2;s=GalaxyUAChannel.GalaxyUA.Amazon.Inverter304_Measure.Ia,Inverter304_MeasureIa,1,Inverter304,Ia,A,hawt
276,ns=2;s=GalaxyUAChannel.GalaxyUA.Amazon.Inverter304_Measure.Ib,Inverter304_MeasureIa,1,Inverter304,Ib,A,hawt
277,ns=2;s=GalaxyUAChannel.GalaxyUA.Amazon.Inverter304_Measure.Ic,Inverter304_MeasureIa,1,Inverter304,Ic,A,hawt
278,ns=2;s=GalaxyUAChannel.GalaxyUA.Amazon.Inverter305_Measure.ActivePower_kW,Inverter305_Measure.ActivePower_kW,1,Inverter305,ActivePower,kW,hawt
279,ns=2;s=GalaxyUAChannel.GalaxyUA.Amazon.Inverter305_Measure.DC_InputCurrent,Inverter305_Measure.DC_InputCurrent,1,Inverter305,DC_InputCurrent,A,hawt
280,ns=2;s=GalaxyUAChannel.GalaxyUA.Amazon.Inverter305_Measure.DC_InputPower,Inverter305_Measure.DC_InputPower,1,Inverter305,DC_InputPower,kW,hawt
281,ns=2;s=GalaxyUAChannel.GalaxyUA.Amazon.Inverter305_Measure.DC_VoltagePV,Inverter305_Measure.DC_VoltagePV,1,Inverter305,DC_VoltagePV,V,hawt
282,ns=2;s=GalaxyUAChannel.GalaxyUA.Amazon.Inverter305_Measure.Frequency,Inverter305_Measure.Frequency,1,Inverter305,Frequency,Hz,hawt
283,ns=2;s=GalaxyUAChannel.GalaxyUA.Amazon.Inverter305_Measure.PowerFactor,Inverter305_Measure.PowerFactor,1,Inverter305,PowerFactor,%,hawt
284,ns=2;s=GalaxyUAChannel.GalaxyUA.Amazon.Inverter305_Measure.ReactivePower_kVAr,Inverter305_Measure.ReactivePower_kVAr,1,Inverter305,ReactivePower,kVAr,hawt
285,ns=2;s=GalaxyUAChannel.GalaxyUA.Amazon.Inverter305_Measure.Vab,Inverter305_Measure.Vab,1,Inverter305,Vab,kV,hawt
286,ns=2;s=GalaxyUAChannel.GalaxyUA.Amazon.Inverter305_Measure.Vbc,Inverter305_Measure.Vbc,1,Inverter305,Vbc,kV,hawt
287,ns=2;s=GalaxyUAChannel.GalaxyUA.Amazon.Inverter305_Measure.Vca,Inverter305_Measure.Vca,1,Inverter305,Vca,kV,hawt
288,ns=2;s=GalaxyUAChannel.GalaxyUA.Amazon.Inverter305_Measure.Ia,Inverter305_MeasureIa,1,Inverter305,Ia,A,hawt
289,ns=2;s=GalaxyUAChannel.GalaxyUA.Amazon.Inverter305_Measure.Ib,Inverter305_MeasureIa,1,Inverter305,Ib,A,hawt
290,ns=2;s=GalaxyUAChannel.GalaxyUA.Amazon.Inverter305_Measure.Ic,Inverter305_MeasureIa,1,Inverter305,Ic,A,hawt
291,ns=2;s=GalaxyUAChannel.GalaxyUA.Amazon.Inverter306_Measure.ActivePower_kW,Inverter306_Measure.ActivePower_kW,1,Inverter306,ActivePower,kW,hawt
292,ns=2;s=GalaxyUAChannel.GalaxyUA.Amazon.Inverter306_Measure.DC_InputCurrent,Inverter306_Measure.DC_InputCurrent,1,Inverter306,DC_InputCurrent,A,hawt
293,ns=2;s=GalaxyUAChannel.GalaxyUA.Amazon.Inverter306_Measure.DC_InputPower,Inverter306_Measure.DC_InputPower,1,Inverter306,DC_InputPower,kW,hawt
294,ns=2;s=GalaxyUAChannel.GalaxyUA.Amazon.Inverter306_Measure.DC_VoltagePV,Inverter306_Measure.DC_VoltagePV,1,Inverter306,DC_VoltagePV,V,hawt
295,ns=2;s=GalaxyUAChannel.GalaxyUA.Amazon.Inverter306_Measure.Frequency,Inverter306_Measure.Frequency,1,Inverter306,Frequency,Hz,hawt
296,ns=2;s=GalaxyUAChannel.GalaxyUA.Amazon.Inverter306_Measure.PowerFactor,Inverter306_Measure.PowerFactor,1,Inverter306,PowerFactor,%,hawt
297,ns=2;s=GalaxyUAChannel.GalaxyUA.Amazon.Inverter306_Measure.ReactivePower_kVAr,Inverter306_Measure.ReactivePower_kVAr,1,Inverter306,ReactivePower,kVAr,hawt
298,ns=2;s=GalaxyUAChannel.GalaxyUA.Amazon.Inverter306_Measure.Vab,Inverter306_Measure.Vab,1,Inverter306,Vab,kV,hawt
299,ns=2;s=GalaxyUAChannel.GalaxyUA.Amazon.Inverter306_Measure.Vbc,Inverter306_Measure.Vbc,1,Inverter306,Vbc,kV,hawt
300,ns=2;s=GalaxyUAChannel.GalaxyUA.Amazon.Inverter306_Measure.Vca,Inverter306_Measure.Vca,1,Inverter306,Vca,kV,hawt
301,ns=2;s=GalaxyUAChannel.GalaxyUA.Amazon.Inverter306_Measure.Ia,Inverter306_MeasureIa,1,Inverter306,Ia,A,hawt
302,ns=2;s=GalaxyUAChannel.GalaxyUA.Amazon.Inverter306_Measure.Ib,Inverter306_MeasureIa,1,Inverter306,Ib,A,hawt
303,ns=2;s=GalaxyUAChannel.GalaxyUA.Amazon.Inverter306_Measure.Ic,Inverter306_MeasureIa,1,Inverter306,Ic,A,hawt
304,ns=2;s=GalaxyUAChannel.GalaxyUA.Amazon.Inverter307_Measure.ActivePower_kW,Inverter307_Measure.ActivePower_kW,1,Inverter307,ActivePower,kW,hawt
305,ns=2;s=GalaxyUAChannel.GalaxyUA.Amazon.Inverter307_Measure.DC_InputCurrent,Inverter307_Measure.DC_InputCurrent,1,Inverter307,DC_InputCurrent,A,hawt
306,ns=2;s=GalaxyUAChannel.GalaxyUA.Amazon.Inverter307_Measure.DC_InputPower,Inverter307_Measure.DC_InputPower,1,Inverter307,DC_InputPower,kW,hawt
307,ns=2;s=GalaxyUAChannel.GalaxyUA.Amazon.Inverter307_Measure.DC_VoltagePV,Inverter307_Measure.DC_VoltagePV,1,Inverter307,DC_VoltagePV,V,hawt
308,ns=2;s=GalaxyUAChannel.GalaxyUA.Amazon.Inverter307_Measure.Frequency,Inverter307_Measure.Frequency,1,Inverter307,Frequency,Hz,hawt
309,ns=2;s=GalaxyUAChannel.GalaxyUA.Amazon.Inverter307_Measure.PowerFactor,Inverter307_Measure.PowerFactor,1,Inverter307,PowerFactor,%,hawt
310,ns=2;s=GalaxyUAChannel.GalaxyUA.Amazon.Inverter307_Measure.ReactivePower_kVAr,Inverter307_Measure.ReactivePower_kVAr,1,Inverter307,ReactivePower,kVAr,hawt
311,ns=2;s=GalaxyUAChannel.GalaxyUA.Amazon.Inverter307_Measure.Vab,Inverter307_Measure.Vab,1,Inverter307,Vab,kV,hawt
312,ns=2;s=GalaxyUAChannel.GalaxyUA.Amazon.Inverter307_Measure.Vbc,Inverter307_Measure.Vbc,1,Inverter307,Vbc,kV,hawt
313,ns=2;s=GalaxyUAChannel.GalaxyUA.Amazon.Inverter307_Measure.Vca,Inverter307_Measure.Vca,1,Inverter307,Vca,kV,hawt
314,ns=2;s=GalaxyUAChannel.GalaxyUA.Amazon.Inverter307_Measure.Ia,Inverter307_MeasureIa,1,Inverter307,Ia,A,hawt
315,ns=2;s=GalaxyUAChannel.GalaxyUA.Amazon.Inverter307_Measure.Ib,Inverter307_MeasureIa,1,Inverter307,Ib,A,hawt
316,ns=2;s=GalaxyUAChannel.GalaxyUA.Amazon.Inverter307_Measure.Ic,Inverter307_MeasureIa,1,Inverter307,Ic,A,hawt
317,ns=2;s=GalaxyUAChannel.GalaxyUA.Amazon.Inverter301_Status.CurrentStatusCode,Inverter301_Status.CurrentStatusCode,1,Inverter301,CurrentStatusCode,n/a,hawt
318,ns=2;s=GalaxyUAChannel.GalaxyUA.Amazon.Inverter301_Status.FaultCode,Inverter301_Status.FaultCode,1,Inverter301,FaultCode,n/a,hawt
319,ns=2;s=GalaxyUAChannel.GalaxyUA.Amazon.Inverter302_Status.CurrentStatusCode,Inverter302_Status.CurrentStatusCode,1,Inverter302,CurrentStatusCode,n/a,hawt
320,ns=2;s=GalaxyUAChannel.GalaxyUA.Amazon.Inverter302_Status.FaultCode,Inverter302_Status.FaultCode,1,Inverter302,FaultCode,n/a,hawt
321,ns=2;s=GalaxyUAChannel.GalaxyUA.Amazon.Inverter303_Status.CurrentStatusCode,Inverter303_Status.CurrentStatusCode,1,Inverter303,CurrentStatusCode,n/a,hawt
322,ns=2;s=GalaxyUAChannel.GalaxyUA.Amazon.Inverter303_Status.FaultCode,Inverter303_Status.FaultCode,1,Inverter303,FaultCode,n/a,hawt
323,ns=2;s=GalaxyUAChannel.GalaxyUA.Amazon.Inverter304_Status.CurrentStatusCode,Inverter304_Status.CurrentStatusCode,1,Inverter304,CurrentStatusCode,n/a,hawt
324,ns=2;s=GalaxyUAChannel.GalaxyUA.Amazon.Inverter304_Status.FaultCode,Inverter304_Status.FaultCode,1,Inverter304,FaultCode,n/a,hawt
325,ns=2;s=GalaxyUAChannel.GalaxyUA.Amazon.Inverter305_Status.CurrentStatusCode,Inverter305_Status.CurrentStatusCode,1,Inverter305,CurrentStatusCode,n/a,hawt
326,ns=2;s=GalaxyUAChannel.GalaxyUA.Amazon.Inverter305_Status.FaultCode,Inverter305_Status.FaultCode,1,Inverter305,FaultCode,n/a,hawt
327,ns=2;s=GalaxyUAChannel.GalaxyUA.Amazon.Inverter306_Status.CurrentStatusCode,Inverter306_Status.CurrentStatusCode,1,Inverter306,CurrentStatusCode,n/a,hawt
328,ns=2;s=GalaxyUAChannel.GalaxyUA.Amazon.Inverter306_Status.FaultCode,Inverter306_Status.FaultCode,1,Inverter306,FaultCode,n/a,hawt
329,ns=2;s=GalaxyUAChannel.GalaxyUA.Amazon.Inverter307_Status.CurrentStatusCode,Inverter307_Status.CurrentStatusCode,1,Inverter307,CurrentStatusCode,n/a,hawt
330,ns=2;s=GalaxyUAChannel.GalaxyUA.Amazon.Inverter307_Status.FaultCode,Inverter307_Status.FaultCode,1,Inverter307,FaultCode,n/a,hawt
331,ns=2;s=GalaxyUAChannel.GalaxyUA.Amazon.Irradiance_GHI.ITS101_Irradiance,Irradiance_GHI.ITS101_Irradiance,1,ITS101,Irradiance_GHI,w/m2,hawt
332,ns=2;s=GalaxyUAChannel.GalaxyUA.Amazon.Irradiance_GHI.ITS201_Irradiance,Irradiance_GHI.ITS201_Irradiance,1,ITS201,Irradiance_GHI,w/m2,hawt
333,ns=2;s=GalaxyUAChannel.GalaxyUA.Amazon.Irradiance_GHI.ITS307_Irradiance,Irradiance_GHI.ITS307_Irradiance,1,ITS307,Irradiance_GHI,w/m2,hawt
334,ns=2;s=GalaxyUAChannel.GalaxyUA.Amazon.Irradiance_POA.ITS101_Irradiance,Irradiance_POA.ITS101_Irradiance,1,ITS101,Irradiance_POA,w/m2,hawt
335,ns=2;s=GalaxyUAChannel.GalaxyUA.Amazon.Irradiance_POA.ITS103_Irradiance,Irradiance_POA.ITS103_Irradiance,1,ITS103,Irradiance_POA,w/m2,hawt
336,ns=2;s=GalaxyUAChannel.GalaxyUA.Amazon.Irradiance_POA.ITS106_Irradiance,Irradiance_POA.ITS106_Irradiance,1,ITS106,Irradiance_POA,w/m2,hawt
337,ns=2;s=GalaxyUAChannel.GalaxyUA.Amazon.Irradiance_POA.ITS203_Irradiance,Irradiance_POA.ITS203_Irradiance,1,ITS203,Irradiance_POA,w/m2,hawt
338,ns=2;s=GalaxyUAChannel.GalaxyUA.Amazon.Irradiance_POA.ITS205_Irradiance,Irradiance_POA.ITS205_Irradiance,1,ITS205,Irradiance_POA,w/m2,hawt
339,ns=2;s=GalaxyUAChannel.GalaxyUA.Amazon.Irradiance_POA.ITS301_Irradiance,Irradiance_POA.ITS301_Irradiance,1,ITS301,Irradiance_POA,w/m2,hawt
340,ns=2;s=GalaxyUAChannel.GalaxyUA.Amazon.Irradiance_POA.ITS303_Irradiance,Irradiance_POA.ITS303_Irradiance,1,ITS303,Irradiance_POA,w/m2,hawt
341,ns=2;s=GalaxyUAChannel.GalaxyUA.Amazon.Irradiance_POA.ITS305_Irradiance,Irradiance_POA.ITS305_Irradiance,1,ITS305,Irradiance_POA,w/m2,hawt
342,ns=2;s=GalaxyUAChannel.GalaxyUA.Amazon.Irradiance_POA.ITS306_Irradiance,Irradiance_POA.ITS306_Irradiance,1,ITS306,Irradiance_POA,w/m2,hawt
343,ns=2;s=GalaxyUAChannel.GalaxyUA.Amazon.WS_ITS_101_Sensor_AmbientTemperature,WS_ITS_101_Sensor_AmbientTemperature,1,ITS101,AmbientTemperature,C,hawt
344,ns=2;s=GalaxyUAChannel.GalaxyUA.Amazon.WS_ITS_101_Sensor_BarometricPressure,WS_ITS_101_Sensor_BarometricPressure,1,ITS101,BarometricPressure,mbar,hawt
345,ns=2;s=GalaxyUAChannel.GalaxyUA.Amazon.WS_ITS_101_Sensor_DewPoint,WS_ITS_101_Sensor_DewPoint,1,ITS101,DewPoint,C,hawt
346,ns=2;s=GalaxyUAChannel.GalaxyUA.Amazon.WS_ITS_101_Sensor_RelativeHumidity,WS_ITS_101_Sensor_RelativeHumidity,1,ITS101,RelativeHumidity,%,hawt
347,ns=2;s=GalaxyUAChannel.GalaxyUA.Amazon.WS_ITS_101_Sensor_TotalPrecipitation,WS_ITS_101_Sensor_TotalPrecipitation,1,ITS101,TotalPrecipitation,mm,hawt
348,ns=2;s=GalaxyUAChannel.GalaxyUA.Amazon.WS_ITS_101_Sensor_WindDirection,WS_ITS_101_Sensor_WindDirection,1,ITS101,WindDirection,degree,hawt
349,ns=2;s=GalaxyUAChannel.GalaxyUA.Amazon.WS_ITS_101_Sensor_WindSpeed,WS_ITS_101_Sensor_WindSpeed,1,ITS101,WindSpeed,m/s,hawt
350,ns=2;s=GalaxyUAChannel.GalaxyUA.Amazon.WS_ITS_201_Sensor_AmbientTemperature,WS_ITS_201_Sensor_AmbientTemperature,1,ITS201,AmbientTemperature,C,hawt
351,ns=2;s=GalaxyUAChannel.GalaxyUA.Amazon.WS_ITS_201_Sensor_BarometricPressure,WS_ITS_201_Sensor_BarometricPressure,1,ITS201,BarometricPressure,mbar,hawt
352,ns=2;s=GalaxyUAChannel.GalaxyUA.Amazon.WS_ITS_201_Sensor_DewPoint,WS_ITS_201_Sensor_DewPoint,1,ITS201,DewPoint,C,hawt
353,ns=2;s=GalaxyUAChannel.GalaxyUA.Amazon.WS_ITS_201_Sensor_RelativeHumidity,WS_ITS_201_Sensor_RelativeHumidity,1,ITS201,RelativeHumidity,%,hawt
354,ns=2;s=GalaxyUAChannel.GalaxyUA.Amazon.WS_ITS_201_Sensor_TotalPrecipitation,WS_ITS_201_Sensor_TotalPrecipitation,1,ITS201,TotalPrecipitation,mm,hawt
355,ns=2;s=GalaxyUAChannel.GalaxyUA.Amazon.WS_ITS_201_Sensor_WindDirection,WS_ITS_201_Sensor_WindDirection,1,ITS201,WindDirection,degree,hawt
356,ns=2;s=GalaxyUAChannel.GalaxyUA.Amazon.WS_ITS_201_Sensor_WindSpeed,WS_ITS_201_Sensor_WindSpeed,1,ITS201,WindSpeed,m/s,hawt
357,ns=2;s=GalaxyUAChannel.GalaxyUA.Amazon.WS_ITS_307_Sensor_AmbientTemperature,WS_ITS_307_Sensor_AmbientTemperature,1,ITS307,AmbientTemperature,C,hawt
358,ns=2;s=GalaxyUAChannel.GalaxyUA.Amazon.WS_ITS_307_Sensor_BarometricPressure,WS_ITS_307_Sensor_BarometricPressure,1,ITS307,BarometricPressure,mbar,hawt
359,ns=2;s=GalaxyUAChannel.GalaxyUA.Amazon.WS_ITS_307_Sensor_DewPoint,WS_ITS_307_Sensor_DewPoint,1,ITS307,DewPoint,C,hawt
360,ns=2;s=GalaxyUAChannel.GalaxyUA.Amazon.WS_ITS_307_Sensor_RelativeHumidity,WS_ITS_307_Sensor_RelativeHumidity,1,ITS307,RelativeHumidity,%,hawt
361,ns=2;s=GalaxyUAChannel.GalaxyUA.Amazon.WS_ITS_307_Sensor_TotalPrecipitation,WS_ITS_307_Sensor_TotalPrecipitation,1,ITS307,TotalPrecipitation,mm,hawt
362,ns=2;s=GalaxyUAChannel.GalaxyUA.Amazon.WS_ITS_307_Sensor_WindDirection,WS_ITS_307_Sensor_WindDirection,1,ITS307,WindDirection,degree,hawt
363,ns=2;s=GalaxyUAChannel.GalaxyUA.Amazon.WS_ITS_307_Sensor_WindSpeed,WS_ITS_307_Sensor_WindSpeed,1,ITS307,WindSpeed,m/s,hawt
